,,Source,ddof1,ddof2,F,p-unc,p-GG-corr,np2,eps,sphericity,W-spher,p-spher
Difficulty,0,Tempo Ratio,2,156,54.41788955488954,1.1790694322823955e-18,2.774039170113118e-15,0.4109557231112067,0.7915907116979631,False,0.7367209023271685,7.7833253981499e-06
Pupil Size,0,Tempo Ratio,2,156,4.471018211772498,0.012938180357288062,0.01796540516609516,0.05421320493814726,0.8466424649589076,False,0.8188638753803426,0.00045567051479381964
LHIPA,0,Tempo Ratio,2,156,2.350965747227895,0.09864455877833862,0.10453084263581414,0.029258711769858267,0.9012697528156679,False,0.8904542764517521,0.01148279265927616
Beat Variance,0,Tempo Ratio,2,98,0.2834197368925351,0.7538188263430358,0.7372043660696868,0.00575081312144362,0.927019361362029,True,inf,1.0
Beat Mean,0,Tempo Ratio,2,98,1.8745334099510773,0.1588862818655458,0.1592175884576696,0.03684620347956681,0.99271419125234,True,3776.6760939843616,1.0
Bonding,0,Tempo Ratio,2,156,25.483998297411013,2.6501435468193506e-10,5.613497273384527e-10,0.2462602790449833,0.9593870771772044,True,0.9576678446177357,0.1891358520881695
