,,Source,ddof1,ddof2,F,p-unc,p-GG-corr,np2,eps,sphericity,W-spher,p-spher
Performance (%/ms),0,Condition,2,134,37.2098368710711,1.4032265883236492e-13,3.533670052718791e-11,0.35706645349716154,0.7860905703904759,False,0.7278819544887036,2.805507504310208e-05
Pupil Size (mm),0,Condition,2,84,8.916024963035486,0.0003080218930618955,0.00030929532815281727,0.1751123535175503,0.9992361581303372,True,0.9992355742295147,0.9844455192771036
LHIPA,0,Condition,2,84,0.8990549155886766,0.4108334188136006,0.37363427243516967,0.020957452730782134,0.6544550989980101,False,0.4720112937754935,2.070255736841928e-07
Fixations,0,Condition,2,84,12.315523864592679,2.0401558630538573e-05,0.0001409957850447302,0.22674040473760299,0.7557067689864132,False,0.6767354203519018,0.0003338778554679746
Beat Variance,0,Condition,2,122,16.21336097640311,5.700068269794839e-07,1.1112280040994866e-05,0.20998128784159537,0.735322129381565,True,inf,1.0
Beat Mean,0,Condition,2,134,9.86726776279863,0.00010053910296716369,0.0001224463876620085,0.12836761407010852,0.9691023507313143,True,inf,1.0
